survey_id,pct_hh_below_3.17,pct_hh_below_3.94,pct_hh_below_4.60,pct_hh_below_5.26,pct_hh_below_5.88,pct_hh_below_6.47,pct_hh_below_7.06,pct_hh_below_7.70,pct_hh_below_8.40,pct_hh_below_9.13,pct_hh_below_9.87,pct_hh_below_10.70,pct_hh_below_11.62,pct_hh_below_12.69,pct_hh_below_14.03,pct_hh_below_15.64,pct_hh_below_17.76,pct_hh_below_20.99,pct_hh_below_27.37
400000,0.0506333728275258,0.09574793266915631,0.1418261068963337,0.1936314117187085,0.2439030269214019,0.2889111588948859,0.3352567750715315,0.3868286094759897,0.438743605141265,0.4880458728812735,0.5377500964178544,0.5889877046232053,0.6379409255498029,0.6888307677355715,0.7419142743038939,0.7934852853408908,0.8455442483315297,0.8964568093602121,0.9464072807579056
500000,0.0455725098424156,0.08799157221227441,0.1343872088533679,0.1869492119944099,0.238721802653929,0.2901014494208177,0.3376623267499773,0.3896694291921677,0.4455728443898574,0.5016501047760769,0.5531935304379327,0.6036597133370504,0.6572205496841483,0.7030216178582859,0.7570976572658238,0.8062287270392176,0.8514870815998847,0.9020363338236246,0.9526106173648881
600000,0.047248588026578595,0.0900767081374127,0.1326601487226755,0.1804763979681363,0.2303645031746099,0.2810989429136561,0.3289816199218158,0.3783413117441925,0.433592868843987,0.4875351913756706,0.5428744142440002,0.595568767954964,0.644923622231567,0.6973817621220638,0.7497077544206909,0.8008429730282045,0.8517809141592841,0.9002400260425147,0.9527545646373988
